{
  "Workflows": [
    {
      "Path": null,
      "SortBy": 0,
      "VariablesSectionElementsOrder": [],
      "ArgumentsSectionElementsOrder": null,
      "ConstantsSectionElementsOrder": [],
      "AddedNamespaces": null
    },
    {
      "Path": "Main.xaml",
      "SortBy": 0,
      "VariablesSectionElementsOrder": [
        "AccountType&Sequence_1",
        "UpdatedAccountRegistrationDetails&Sequence_1",
        "AccountRegistrationDetails&Sequence_1",
        "RegistrationType&Sequence_1",
        "OutputPath&Sequence_1",
        "PDFContent&Sequence_1"
      ],
      "ArgumentsSectionElementsOrder": [],
      "ConstantsSectionElementsOrder": [],
      "AddedNamespaces": null
    },
    {
      "Path": "PersonalTrust.xaml",
      "SortBy": 0,
      "VariablesSectionElementsOrder": [
        "DataTable&Sequence_16",
        "PrimaryZip&Sequence_16",
        "PrimaryState&Sequence_16",
        "PrimaryCity&Sequence_16",
        "PrimaryCityStateZip&Sequence_16",
        "PrimaryCityStateStreetZip&Sequence_16",
        "PrimaryStreet&Sequence_16",
        "UpdatedAccountTitle&Sequence_16",
        "AccountTitle&Sequence_16",
        "OCROutput&Sequence_16",
        "TaxBracket&Sequence_16",
        "AccountType&Sequence_16",
        "BirthDate&Sequence_16",
        "PrimaryAccountHolder&Sequence_16",
        "SecondaryAccountHolder&Sequence_16",
        "EnvelopeName&Sequence_16",
        "EnvelopeName0&Sequence_16",
        "EntityName&Sequence_16"
      ],
      "ArgumentsSectionElementsOrder": [],
      "ConstantsSectionElementsOrder": [],
      "AddedNamespaces": null
    },
    {
      "Path": "JointTenantsWithRightOfSurvivorship.xaml",
      "SortBy": 0,
      "VariablesSectionElementsOrder": [
        "OCROutput02&Sequence_2",
        "AccountType02&Sequence_2",
        "BirthDate02&Sequence_2",
        "PrimaryAccountHolder02&Sequence_2",
        "SecondaryAccountHolder02&Sequence_2",
        "EnvelopeName02&Sequence_2",
        "EntityName02&Sequence_2",
        "AccountTitle02&Sequence_2",
        "UpdatedAccountTitle02&Sequence_2",
        "DataTable02&Sequence_2",
        "PrimaryCityStateStreetZip02&Sequence_2",
        "PrimaryCityStateZip02&Sequence_2",
        "PrimaryStreet02&Sequence_2",
        "PrimaryCity02&Sequence_2",
        "PrimaryState02&Sequence_2",
        "PrimaryZip02&Sequence_2"
      ],
      "ArgumentsSectionElementsOrder": [],
      "ConstantsSectionElementsOrder": [],
      "AddedNamespaces": null
    },
    {
      "Path": "Individual.xaml",
      "SortBy": 0,
      "VariablesSectionElementsOrder": [
        "SeperateCitySZ&Sequence_3",
        "UpdatedEntityName&Sequence_3",
        "AccountType&Sequence_3",
        "BirthDate&Sequence_3",
        "PrimaryAccountHolder&Sequence_3",
        "SecondaryAccountHolder&Sequence_3",
        "EnvelopeName&Sequence_3",
        "EntityName&Sequence_3",
        "TaxBracket&Sequence_3",
        "OCROutput&Sequence_3",
        "AccountTitle&Sequence_3",
        "UpdatedAccountTitle&Sequence_3",
        "PrimaryStreet&Sequence_3",
        "PrimaryCityStateStreetZip&Sequence_3",
        "PrimaryCityStateZip&Sequence_3",
        "PrimaryCity&Sequence_3",
        "PrimaryState&Sequence_3",
        "PrimaryZip&Sequence_3",
        "DataTable&Sequence_3"
      ],
      "ArgumentsSectionElementsOrder": [],
      "ConstantsSectionElementsOrder": [],
      "AddedNamespaces": null
    },
    {
      "Path": "Sequence.xaml",
      "SortBy": 0,
      "VariablesSectionElementsOrder": [
        "OCROutput&Sequence_1",
        "PDFOutput&Sequence_1"
      ],
      "ArgumentsSectionElementsOrder": [],
      "ConstantsSectionElementsOrder": [],
      "AddedNamespaces": null
    },
    {
      "Path": "000.xaml",
      "SortBy": 0,
      "VariablesSectionElementsOrder": [
        "OCROutput&Sequence_2"
      ],
      "ArgumentsSectionElementsOrder": [],
      "ConstantsSectionElementsOrder": [],
      "AddedNamespaces": null
    },
    {
      "Path": "Individual-Backup.xaml",
      "SortBy": 0,
      "VariablesSectionElementsOrder": [
        "EntityName&Sequence_27",
        "EnvelopeName&Sequence_27",
        "SecondaryAccountHolder&Sequence_27",
        "PrimaryAccountHolder&Sequence_27",
        "BirthDate&Sequence_27",
        "AccountType&Sequence_27",
        "AccountTitle&Sequence_27",
        "TaxBracket&Sequence_27",
        "PrimaryZip&Sequence_27",
        "PrimaryState&Sequence_27",
        "PrimaryCity&Sequence_27",
        "PrimaryStreet&Sequence_27",
        "PrimaryCityStateZip&Sequence_27",
        "SplitPrimaryCityStateZip&Sequence_27",
        "PDFOutput&Sequence_27"
      ],
      "ArgumentsSectionElementsOrder": [],
      "ConstantsSectionElementsOrder": [],
      "AddedNamespaces": null
    },
    {
      "Path": "JointTenantsWithRightOfSurvivorship-Backup.xaml",
      "SortBy": 0,
      "VariablesSectionElementsOrder": [
        "UpdatedPrimaryStreet&Sequence_26",
        "SplitPrimaryCityStateStreetZip&Sequence_2",
        "SplitPrimaryStateZip&Sequence_2",
        "SplitCityStreet&Sequence_2",
        "ReverseSplitCityStreet&Sequence_2",
        "AccountType&Sequence_2",
        "BirthDate&Sequence_2",
        "PrimaryAccountHolder&Sequence_2",
        "SecondaryAccountHolder&Sequence_2",
        "EnvelopeName&Sequence_2",
        "EntityName&Sequence_2",
        "TaxBracket&Sequence_2",
        "OCROutput&Sequence_2",
        "AccountTitle&Sequence_2",
        "UpdatedAccountTitle&Sequence_2",
        "PrimaryStreet&Sequence_2",
        "PrimaryCityStateStreetZip&Sequence_2",
        "PrimaryCityStateZip&Sequence_2",
        "PrimaryCity&Sequence_2",
        "PrimaryState&Sequence_2",
        "PrimaryZip&Sequence_2",
        "DataTable&Sequence_2",
        "UpdatedEntityName&Sequence_2"
      ],
      "ArgumentsSectionElementsOrder": [],
      "ConstantsSectionElementsOrder": [],
      "AddedNamespaces": null
    },
    {
      "Path": "PersonalTrust-Backup.xaml",
      "SortBy": 0,
      "VariablesSectionElementsOrder": [
        "PrimaryStreet&Sequence_28",
        "PrimaryCity&Sequence_28",
        "PrimaryState&Sequence_28",
        "PrimaryZip&Sequence_28",
        "StateZip&Sequence_2",
        "SplitStateZip&Sequence_2",
        "SplitPrimaryCityStateStreetZip&Sequence_2",
        "PrimaryCityStateStreetZip&Sequence_2",
        "TaxBracket&Sequence_2",
        "EntityName&Sequence_2",
        "ArraySecondaryAccountHolder&Sequence_25",
        "SecondaryAccountHolder&Sequence_2",
        "ArrayPrimaryAccountHolder&Sequence_2",
        "PrimaryAccountHolder&Sequence_2",
        "EnvelopeName&Sequence_2",
        "AccountTitle&Sequence_22",
        "BirthDate&Sequence_2",
        "AccountType&Sequence_2",
        "OCROutput&Sequence_2"
      ],
      "ArgumentsSectionElementsOrder": [],
      "ConstantsSectionElementsOrder": [],
      "AddedNamespaces": null
    }
  ]
}